?strain	?nutritionType	?reference	?label
<https://purl.dsmz.de/bacdive/strain/1264>	<https://purl.dsmz.de/bacdive/nutrition_type/1077>	<https://purl.dsmz.de/bacdive/reference/22902>	
<https://purl.dsmz.de/bacdive/strain/2421>	<https://purl.dsmz.de/bacdive/nutrition_type/1078>	<https://purl.dsmz.de/bacdive/reference/22907>	
<https://purl.dsmz.de/bacdive/strain/2421>	<https://purl.dsmz.de/bacdive/nutrition_type/1079>	<https://purl.dsmz.de/bacdive/reference/22907>	
<https://purl.dsmz.de/bacdive/strain/26>	<https://purl.dsmz.de/bacdive/nutrition_type/1080>	<https://purl.dsmz.de/bacdive/reference/23239>	
<https://purl.dsmz.de/bacdive/strain/60>	<https://purl.dsmz.de/bacdive/nutrition_type/1081>	<https://purl.dsmz.de/bacdive/reference/23246>	
<https://purl.dsmz.de/bacdive/strain/60>	<https://purl.dsmz.de/bacdive/nutrition_type/1082>	<https://purl.dsmz.de/bacdive/reference/23246>	
<https://purl.dsmz.de/bacdive/strain/64>	<https://purl.dsmz.de/bacdive/nutrition_type/1083>	<https://purl.dsmz.de/bacdive/reference/23248>	
<https://purl.dsmz.de/bacdive/strain/65>	<https://purl.dsmz.de/bacdive/nutrition_type/1084>	<https://purl.dsmz.de/bacdive/reference/23248>	
<https://purl.dsmz.de/bacdive/strain/81>	<https://purl.dsmz.de/bacdive/nutrition_type/1085>	<https://purl.dsmz.de/bacdive/reference/22964>	
<https://purl.dsmz.de/bacdive/strain/82>	<https://purl.dsmz.de/bacdive/nutrition_type/1086>	<https://purl.dsmz.de/bacdive/reference/22964>	
<https://purl.dsmz.de/bacdive/strain/105>	<https://purl.dsmz.de/bacdive/nutrition_type/1087>	<https://purl.dsmz.de/bacdive/reference/22967>	
<https://purl.dsmz.de/bacdive/strain/106>	<https://purl.dsmz.de/bacdive/nutrition_type/1088>	<https://purl.dsmz.de/bacdive/reference/22968>	
<https://purl.dsmz.de/bacdive/strain/106>	<https://purl.dsmz.de/bacdive/nutrition_type/1089>	<https://purl.dsmz.de/bacdive/reference/22968>	
<https://purl.dsmz.de/bacdive/strain/136>	<https://purl.dsmz.de/bacdive/nutrition_type/1090>	<https://purl.dsmz.de/bacdive/reference/22971>	
<https://purl.dsmz.de/bacdive/strain/137>	<https://purl.dsmz.de/bacdive/nutrition_type/1091>	<https://purl.dsmz.de/bacdive/reference/22971>	
<https://purl.dsmz.de/bacdive/strain/138>	<https://purl.dsmz.de/bacdive/nutrition_type/1092>	<https://purl.dsmz.de/bacdive/reference/22971>	
<https://purl.dsmz.de/bacdive/strain/139>	<https://purl.dsmz.de/bacdive/nutrition_type/1093>	<https://purl.dsmz.de/bacdive/reference/22971>	
<https://purl.dsmz.de/bacdive/strain/140>	<https://purl.dsmz.de/bacdive/nutrition_type/1094>	<https://purl.dsmz.de/bacdive/reference/22887>	
<https://purl.dsmz.de/bacdive/strain/141>	<https://purl.dsmz.de/bacdive/nutrition_type/1095>	<https://purl.dsmz.de/bacdive/reference/23106>	
<https://purl.dsmz.de/bacdive/strain/242>	<https://purl.dsmz.de/bacdive/nutrition_type/1096>	<https://purl.dsmz.de/bacdive/reference/23254>	
<https://purl.dsmz.de/bacdive/strain/258>	<https://purl.dsmz.de/bacdive/nutrition_type/1097>	<https://purl.dsmz.de/bacdive/reference/23255>	
<https://purl.dsmz.de/bacdive/strain/261>	<https://purl.dsmz.de/bacdive/nutrition_type/1098>	<https://purl.dsmz.de/bacdive/reference/23256>	
<https://purl.dsmz.de/bacdive/strain/279>	<https://purl.dsmz.de/bacdive/nutrition_type/1099>	<https://purl.dsmz.de/bacdive/reference/23259>	
<https://purl.dsmz.de/bacdive/strain/343>	<https://purl.dsmz.de/bacdive/nutrition_type/1100>	<https://purl.dsmz.de/bacdive/reference/23267>	
<https://purl.dsmz.de/bacdive/strain/355>	<https://purl.dsmz.de/bacdive/nutrition_type/1101>	<https://purl.dsmz.de/bacdive/reference/23272>	
<https://purl.dsmz.de/bacdive/strain/377>	<https://purl.dsmz.de/bacdive/nutrition_type/1102>	<https://purl.dsmz.de/bacdive/reference/23280>	
<https://purl.dsmz.de/bacdive/strain/437>	<https://purl.dsmz.de/bacdive/nutrition_type/1103>	<https://purl.dsmz.de/bacdive/reference/23286>	
<https://purl.dsmz.de/bacdive/strain/438>	<https://purl.dsmz.de/bacdive/nutrition_type/1104>	<https://purl.dsmz.de/bacdive/reference/23286>	
<https://purl.dsmz.de/bacdive/strain/449>	<https://purl.dsmz.de/bacdive/nutrition_type/1105>	<https://purl.dsmz.de/bacdive/reference/23289>	
<https://purl.dsmz.de/bacdive/strain/450>	<https://purl.dsmz.de/bacdive/nutrition_type/1106>	<https://purl.dsmz.de/bacdive/reference/23290>	
<https://purl.dsmz.de/bacdive/strain/451>	<https://purl.dsmz.de/bacdive/nutrition_type/1107>	<https://purl.dsmz.de/bacdive/reference/23291>	
<https://purl.dsmz.de/bacdive/strain/470>	<https://purl.dsmz.de/bacdive/nutrition_type/1108>	<https://purl.dsmz.de/bacdive/reference/23294>	
<https://purl.dsmz.de/bacdive/strain/479>	<https://purl.dsmz.de/bacdive/nutrition_type/1109>	<https://purl.dsmz.de/bacdive/reference/23297>	
<https://purl.dsmz.de/bacdive/strain/480>	<https://purl.dsmz.de/bacdive/nutrition_type/1110>	<https://purl.dsmz.de/bacdive/reference/23297>	
<https://purl.dsmz.de/bacdive/strain/512>	<https://purl.dsmz.de/bacdive/nutrition_type/1111>	<https://purl.dsmz.de/bacdive/reference/23128>	
<https://purl.dsmz.de/bacdive/strain/515>	<https://purl.dsmz.de/bacdive/nutrition_type/1112>	<https://purl.dsmz.de/bacdive/reference/23129>	
<https://purl.dsmz.de/bacdive/strain/525>	<https://purl.dsmz.de/bacdive/nutrition_type/1113>	<https://purl.dsmz.de/bacdive/reference/23130>	
<https://purl.dsmz.de/bacdive/strain/599>	<https://purl.dsmz.de/bacdive/nutrition_type/1114>	<https://purl.dsmz.de/bacdive/reference/23140>	
<https://purl.dsmz.de/bacdive/strain/1327>	<https://purl.dsmz.de/bacdive/nutrition_type/1115>	<https://purl.dsmz.de/bacdive/reference/22983>	
<https://purl.dsmz.de/bacdive/strain/1342>	<https://purl.dsmz.de/bacdive/nutrition_type/1116>	<https://purl.dsmz.de/bacdive/reference/22983>	
<https://purl.dsmz.de/bacdive/strain/1343>	<https://purl.dsmz.de/bacdive/nutrition_type/1117>	<https://purl.dsmz.de/bacdive/reference/22983>	
<https://purl.dsmz.de/bacdive/strain/1385>	<https://purl.dsmz.de/bacdive/nutrition_type/1118>	<https://purl.dsmz.de/bacdive/reference/23016>	
<https://purl.dsmz.de/bacdive/strain/1402>	<https://purl.dsmz.de/bacdive/nutrition_type/1119>	<https://purl.dsmz.de/bacdive/reference/23027>	
<https://purl.dsmz.de/bacdive/strain/1403>	<https://purl.dsmz.de/bacdive/nutrition_type/1120>	<https://purl.dsmz.de/bacdive/reference/23029>	
<https://purl.dsmz.de/bacdive/strain/1419>	<https://purl.dsmz.de/bacdive/nutrition_type/1121>	<https://purl.dsmz.de/bacdive/reference/23042>	
<https://purl.dsmz.de/bacdive/strain/1437>	<https://purl.dsmz.de/bacdive/nutrition_type/1122>	<https://purl.dsmz.de/bacdive/reference/23044>	
<https://purl.dsmz.de/bacdive/strain/1438>	<https://purl.dsmz.de/bacdive/nutrition_type/1123>	<https://purl.dsmz.de/bacdive/reference/23042>	
<https://purl.dsmz.de/bacdive/strain/1446>	<https://purl.dsmz.de/bacdive/nutrition_type/1124>	<https://purl.dsmz.de/bacdive/reference/23044>	
<https://purl.dsmz.de/bacdive/strain/1450>	<https://purl.dsmz.de/bacdive/nutrition_type/1125>	<https://purl.dsmz.de/bacdive/reference/23036>	
<https://purl.dsmz.de/bacdive/strain/1452>	<https://purl.dsmz.de/bacdive/nutrition_type/1126>	<https://purl.dsmz.de/bacdive/reference/23042>	
<https://purl.dsmz.de/bacdive/strain/1459>	<https://purl.dsmz.de/bacdive/nutrition_type/1127>	<https://purl.dsmz.de/bacdive/reference/23041>	
<https://purl.dsmz.de/bacdive/strain/1460>	<https://purl.dsmz.de/bacdive/nutrition_type/1128>	<https://purl.dsmz.de/bacdive/reference/23041>	
<https://purl.dsmz.de/bacdive/strain/1485>	<https://purl.dsmz.de/bacdive/nutrition_type/1129>	<https://purl.dsmz.de/bacdive/reference/23053>	
<https://purl.dsmz.de/bacdive/strain/1653>	<https://purl.dsmz.de/bacdive/nutrition_type/1130>	<https://purl.dsmz.de/bacdive/reference/23363>	
<https://purl.dsmz.de/bacdive/strain/1773>	<https://purl.dsmz.de/bacdive/nutrition_type/1131>	<https://purl.dsmz.de/bacdive/reference/23157>	
<https://purl.dsmz.de/bacdive/strain/1786>	<https://purl.dsmz.de/bacdive/nutrition_type/1132>	<https://purl.dsmz.de/bacdive/reference/23322>	
<https://purl.dsmz.de/bacdive/strain/1801>	<https://purl.dsmz.de/bacdive/nutrition_type/1133>	<https://purl.dsmz.de/bacdive/reference/23326>	
<https://purl.dsmz.de/bacdive/strain/1801>	<https://purl.dsmz.de/bacdive/nutrition_type/1134>	<https://purl.dsmz.de/bacdive/reference/23326>	
<https://purl.dsmz.de/bacdive/strain/1878>	<https://purl.dsmz.de/bacdive/nutrition_type/1135>	<https://purl.dsmz.de/bacdive/reference/23334>	
<https://purl.dsmz.de/bacdive/strain/2055>	<https://purl.dsmz.de/bacdive/nutrition_type/1136>	<https://purl.dsmz.de/bacdive/reference/23161>	
<https://purl.dsmz.de/bacdive/strain/2061>	<https://purl.dsmz.de/bacdive/nutrition_type/1137>	<https://purl.dsmz.de/bacdive/reference/23162>	
<https://purl.dsmz.de/bacdive/strain/2076>	<https://purl.dsmz.de/bacdive/nutrition_type/1138>	<https://purl.dsmz.de/bacdive/reference/23163>	
<https://purl.dsmz.de/bacdive/strain/2079>	<https://purl.dsmz.de/bacdive/nutrition_type/1139>	<https://purl.dsmz.de/bacdive/reference/23164>	
<https://purl.dsmz.de/bacdive/strain/2080>	<https://purl.dsmz.de/bacdive/nutrition_type/1140>	<https://purl.dsmz.de/bacdive/reference/23165>	
<https://purl.dsmz.de/bacdive/strain/2081>	<https://purl.dsmz.de/bacdive/nutrition_type/1141>	<https://purl.dsmz.de/bacdive/reference/23166>	
<https://purl.dsmz.de/bacdive/strain/2090>	<https://purl.dsmz.de/bacdive/nutrition_type/1142>	<https://purl.dsmz.de/bacdive/reference/23168>	
<https://purl.dsmz.de/bacdive/strain/2339>	<https://purl.dsmz.de/bacdive/nutrition_type/1143>	<https://purl.dsmz.de/bacdive/reference/23073>	
<https://purl.dsmz.de/bacdive/strain/2395>	<https://purl.dsmz.de/bacdive/nutrition_type/1144>	<https://purl.dsmz.de/bacdive/reference/23074>	
<https://purl.dsmz.de/bacdive/strain/2396>	<https://purl.dsmz.de/bacdive/nutrition_type/1145>	<https://purl.dsmz.de/bacdive/reference/23074>	
<https://purl.dsmz.de/bacdive/strain/2397>	<https://purl.dsmz.de/bacdive/nutrition_type/1146>	<https://purl.dsmz.de/bacdive/reference/23074>	
<https://purl.dsmz.de/bacdive/strain/2398>	<https://purl.dsmz.de/bacdive/nutrition_type/1147>	<https://purl.dsmz.de/bacdive/reference/23074>	
<https://purl.dsmz.de/bacdive/strain/2401>	<https://purl.dsmz.de/bacdive/nutrition_type/1148>	<https://purl.dsmz.de/bacdive/reference/23074>	
<https://purl.dsmz.de/bacdive/strain/2416>	<https://purl.dsmz.de/bacdive/nutrition_type/1149>	<https://purl.dsmz.de/bacdive/reference/23075>	
<https://purl.dsmz.de/bacdive/strain/2416>	<https://purl.dsmz.de/bacdive/nutrition_type/1150>	<https://purl.dsmz.de/bacdive/reference/23075>	
<https://purl.dsmz.de/bacdive/strain/2965>	<https://purl.dsmz.de/bacdive/nutrition_type/1151>	<https://purl.dsmz.de/bacdive/reference/23086>	
<https://purl.dsmz.de/bacdive/strain/2965>	<https://purl.dsmz.de/bacdive/nutrition_type/1152>	<https://purl.dsmz.de/bacdive/reference/23086>	
<https://purl.dsmz.de/bacdive/strain/2966>	<https://purl.dsmz.de/bacdive/nutrition_type/1153>	<https://purl.dsmz.de/bacdive/reference/23086>	
<https://purl.dsmz.de/bacdive/strain/2966>	<https://purl.dsmz.de/bacdive/nutrition_type/1154>	<https://purl.dsmz.de/bacdive/reference/23086>	
<https://purl.dsmz.de/bacdive/strain/2968>	<https://purl.dsmz.de/bacdive/nutrition_type/1155>	<https://purl.dsmz.de/bacdive/reference/23086>	
<https://purl.dsmz.de/bacdive/strain/2968>	<https://purl.dsmz.de/bacdive/nutrition_type/1156>	<https://purl.dsmz.de/bacdive/reference/23086>	
<https://purl.dsmz.de/bacdive/strain/2982>	<https://purl.dsmz.de/bacdive/nutrition_type/1157>	<https://purl.dsmz.de/bacdive/reference/23088>	
<https://purl.dsmz.de/bacdive/strain/2983>	<https://purl.dsmz.de/bacdive/nutrition_type/1158>	<https://purl.dsmz.de/bacdive/reference/23089>	
<https://purl.dsmz.de/bacdive/strain/2983>	<https://purl.dsmz.de/bacdive/nutrition_type/1159>	<https://purl.dsmz.de/bacdive/reference/23089>	
<https://purl.dsmz.de/bacdive/strain/3022>	<https://purl.dsmz.de/bacdive/nutrition_type/1160>	<https://purl.dsmz.de/bacdive/reference/23093>	
<https://purl.dsmz.de/bacdive/strain/3032>	<https://purl.dsmz.de/bacdive/nutrition_type/1161>	<https://purl.dsmz.de/bacdive/reference/23095>	
<https://purl.dsmz.de/bacdive/strain/3033>	<https://purl.dsmz.de/bacdive/nutrition_type/1162>	<https://purl.dsmz.de/bacdive/reference/23096>	
<https://purl.dsmz.de/bacdive/strain/3034>	<https://purl.dsmz.de/bacdive/nutrition_type/1163>	<https://purl.dsmz.de/bacdive/reference/23094>	
<https://purl.dsmz.de/bacdive/strain/3035>	<https://purl.dsmz.de/bacdive/nutrition_type/1164>	<https://purl.dsmz.de/bacdive/reference/23094>	
<https://purl.dsmz.de/bacdive/strain/3195>	<https://purl.dsmz.de/bacdive/nutrition_type/1165>	<https://purl.dsmz.de/bacdive/reference/23185>	
<https://purl.dsmz.de/bacdive/strain/3841>	<https://purl.dsmz.de/bacdive/nutrition_type/1166>	<https://purl.dsmz.de/bacdive/reference/23104>	
<https://purl.dsmz.de/bacdive/strain/3901>	<https://purl.dsmz.de/bacdive/nutrition_type/1167>	<https://purl.dsmz.de/bacdive/reference/23351>	
<https://purl.dsmz.de/bacdive/strain/3987>	<https://purl.dsmz.de/bacdive/nutrition_type/1168>	<https://purl.dsmz.de/bacdive/reference/23372>	
<https://purl.dsmz.de/bacdive/strain/3988>	<https://purl.dsmz.de/bacdive/nutrition_type/1169>	<https://purl.dsmz.de/bacdive/reference/23372>	
<https://purl.dsmz.de/bacdive/strain/4032>	<https://purl.dsmz.de/bacdive/nutrition_type/1170>	<https://purl.dsmz.de/bacdive/reference/23208>	
<https://purl.dsmz.de/bacdive/strain/4034>	<https://purl.dsmz.de/bacdive/nutrition_type/1171>	<https://purl.dsmz.de/bacdive/reference/23206>	
<https://purl.dsmz.de/bacdive/strain/4064>	<https://purl.dsmz.de/bacdive/nutrition_type/1172>	<https://purl.dsmz.de/bacdive/reference/23209>	
<https://purl.dsmz.de/bacdive/strain/4065>	<https://purl.dsmz.de/bacdive/nutrition_type/1173>	<https://purl.dsmz.de/bacdive/reference/23210>	
<https://purl.dsmz.de/bacdive/strain/4167>	<https://purl.dsmz.de/bacdive/nutrition_type/1174>	<https://purl.dsmz.de/bacdive/reference/23215>	
<https://purl.dsmz.de/bacdive/strain/4189>	<https://purl.dsmz.de/bacdive/nutrition_type/1175>	<https://purl.dsmz.de/bacdive/reference/23219>	
<https://purl.dsmz.de/bacdive/strain/4190>	<https://purl.dsmz.de/bacdive/nutrition_type/1176>	<https://purl.dsmz.de/bacdive/reference/23219>	
<https://purl.dsmz.de/bacdive/strain/4191>	<https://purl.dsmz.de/bacdive/nutrition_type/1177>	<https://purl.dsmz.de/bacdive/reference/23220>	
<https://purl.dsmz.de/bacdive/strain/4192>	<https://purl.dsmz.de/bacdive/nutrition_type/1178>	<https://purl.dsmz.de/bacdive/reference/23221>	
<https://purl.dsmz.de/bacdive/strain/4195>	<https://purl.dsmz.de/bacdive/nutrition_type/1179>	<https://purl.dsmz.de/bacdive/reference/23222>	
<https://purl.dsmz.de/bacdive/strain/4196>	<https://purl.dsmz.de/bacdive/nutrition_type/1180>	<https://purl.dsmz.de/bacdive/reference/23223>	
<https://purl.dsmz.de/bacdive/strain/4199>	<https://purl.dsmz.de/bacdive/nutrition_type/1181>	<https://purl.dsmz.de/bacdive/reference/23225>	
<https://purl.dsmz.de/bacdive/strain/4200>	<https://purl.dsmz.de/bacdive/nutrition_type/1182>	<https://purl.dsmz.de/bacdive/reference/23226>	
<https://purl.dsmz.de/bacdive/strain/4205>	<https://purl.dsmz.de/bacdive/nutrition_type/1183>	<https://purl.dsmz.de/bacdive/reference/23228>	
<https://purl.dsmz.de/bacdive/strain/4210>	<https://purl.dsmz.de/bacdive/nutrition_type/1184>	<https://purl.dsmz.de/bacdive/reference/23229>	
<https://purl.dsmz.de/bacdive/strain/4238>	<https://purl.dsmz.de/bacdive/nutrition_type/1185>	<https://purl.dsmz.de/bacdive/reference/23229>	
<https://purl.dsmz.de/bacdive/strain/4241>	<https://purl.dsmz.de/bacdive/nutrition_type/1186>	<https://purl.dsmz.de/bacdive/reference/23231>	
<https://purl.dsmz.de/bacdive/strain/5381>	<https://purl.dsmz.de/bacdive/nutrition_type/1187>	<https://purl.dsmz.de/bacdive/reference/23246>	
<https://purl.dsmz.de/bacdive/strain/130201>	<https://purl.dsmz.de/bacdive/nutrition_type/1188>	<https://purl.dsmz.de/bacdive/reference/22994>	
<https://purl.dsmz.de/bacdive/strain/133124>	<https://purl.dsmz.de/bacdive/nutrition_type/1189>	<https://purl.dsmz.de/bacdive/reference/25176>	
<https://purl.dsmz.de/bacdive/strain/131722>	<https://purl.dsmz.de/bacdive/nutrition_type/1190>	<https://purl.dsmz.de/bacdive/reference/25097>	
<https://purl.dsmz.de/bacdive/strain/131722>	<https://purl.dsmz.de/bacdive/nutrition_type/1191>	<https://purl.dsmz.de/bacdive/reference/25097>	
<https://purl.dsmz.de/bacdive/strain/24046>	<https://purl.dsmz.de/bacdive/nutrition_type/1192>	<https://purl.dsmz.de/bacdive/reference/25239>	
<https://purl.dsmz.de/bacdive/strain/24046>	<https://purl.dsmz.de/bacdive/nutrition_type/1193>	<https://purl.dsmz.de/bacdive/reference/25239>	
<https://purl.dsmz.de/bacdive/strain/133137>	<https://purl.dsmz.de/bacdive/nutrition_type/1194>	<https://purl.dsmz.de/bacdive/reference/24902>	
<https://purl.dsmz.de/bacdive/strain/133133>	<https://purl.dsmz.de/bacdive/nutrition_type/1195>	<https://purl.dsmz.de/bacdive/reference/24904>	
<https://purl.dsmz.de/bacdive/strain/132647>	<https://purl.dsmz.de/bacdive/nutrition_type/1196>	<https://purl.dsmz.de/bacdive/reference/24932>	
<https://purl.dsmz.de/bacdive/strain/133158>	<https://purl.dsmz.de/bacdive/nutrition_type/1197>	<https://purl.dsmz.de/bacdive/reference/24933>	
<https://purl.dsmz.de/bacdive/strain/133159>	<https://purl.dsmz.de/bacdive/nutrition_type/1198>	<https://purl.dsmz.de/bacdive/reference/24934>	
<https://purl.dsmz.de/bacdive/strain/132650>	<https://purl.dsmz.de/bacdive/nutrition_type/1199>	<https://purl.dsmz.de/bacdive/reference/24961>	
<https://purl.dsmz.de/bacdive/strain/133165>	<https://purl.dsmz.de/bacdive/nutrition_type/1201>	<https://purl.dsmz.de/bacdive/reference/24940>	
<https://purl.dsmz.de/bacdive/strain/133167>	<https://purl.dsmz.de/bacdive/nutrition_type/1202>	<https://purl.dsmz.de/bacdive/reference/24941>	
<https://purl.dsmz.de/bacdive/strain/133168>	<https://purl.dsmz.de/bacdive/nutrition_type/1203>	<https://purl.dsmz.de/bacdive/reference/24943>	
<https://purl.dsmz.de/bacdive/strain/133172>	<https://purl.dsmz.de/bacdive/nutrition_type/1204>	<https://purl.dsmz.de/bacdive/reference/24947>	
<https://purl.dsmz.de/bacdive/strain/133174>	<https://purl.dsmz.de/bacdive/nutrition_type/1205>	<https://purl.dsmz.de/bacdive/reference/24950>	
<https://purl.dsmz.de/bacdive/strain/133181>	<https://purl.dsmz.de/bacdive/nutrition_type/1206>	<https://purl.dsmz.de/bacdive/reference/24960>	
<https://purl.dsmz.de/bacdive/strain/133006>	<https://purl.dsmz.de/bacdive/nutrition_type/1207>	<https://purl.dsmz.de/bacdive/reference/24984>	
<https://purl.dsmz.de/bacdive/strain/133188>	<https://purl.dsmz.de/bacdive/nutrition_type/1208>	<https://purl.dsmz.de/bacdive/reference/24984>	
<https://purl.dsmz.de/bacdive/strain/133007>	<https://purl.dsmz.de/bacdive/nutrition_type/1209>	<https://purl.dsmz.de/bacdive/reference/24987>	
<https://purl.dsmz.de/bacdive/strain/133197>	<https://purl.dsmz.de/bacdive/nutrition_type/1210>	<https://purl.dsmz.de/bacdive/reference/24995>	
<https://purl.dsmz.de/bacdive/strain/132676>	<https://purl.dsmz.de/bacdive/nutrition_type/1211>	<https://purl.dsmz.de/bacdive/reference/25005>	
<https://purl.dsmz.de/bacdive/strain/132677>	<https://purl.dsmz.de/bacdive/nutrition_type/1212>	<https://purl.dsmz.de/bacdive/reference/25005>	
<https://purl.dsmz.de/bacdive/strain/2740>	<https://purl.dsmz.de/bacdive/nutrition_type/1213>	<https://purl.dsmz.de/bacdive/reference/25020>	
<https://purl.dsmz.de/bacdive/strain/132681>	<https://purl.dsmz.de/bacdive/nutrition_type/1214>	<https://purl.dsmz.de/bacdive/reference/25038>	
<https://purl.dsmz.de/bacdive/strain/133214>	<https://purl.dsmz.de/bacdive/nutrition_type/1215>	<https://purl.dsmz.de/bacdive/reference/25016>	
<https://purl.dsmz.de/bacdive/strain/131723>	<https://purl.dsmz.de/bacdive/nutrition_type/1216>	<https://purl.dsmz.de/bacdive/reference/25097>	
<https://purl.dsmz.de/bacdive/strain/131723>	<https://purl.dsmz.de/bacdive/nutrition_type/1217>	<https://purl.dsmz.de/bacdive/reference/25097>	
<https://purl.dsmz.de/bacdive/strain/131724>	<https://purl.dsmz.de/bacdive/nutrition_type/1218>	<https://purl.dsmz.de/bacdive/reference/25097>	
<https://purl.dsmz.de/bacdive/strain/131724>	<https://purl.dsmz.de/bacdive/nutrition_type/1219>	<https://purl.dsmz.de/bacdive/reference/25097>	
<https://purl.dsmz.de/bacdive/strain/133020>	<https://purl.dsmz.de/bacdive/nutrition_type/1220>	<https://purl.dsmz.de/bacdive/reference/25063>	
<https://purl.dsmz.de/bacdive/strain/133021>	<https://purl.dsmz.de/bacdive/nutrition_type/1221>	<https://purl.dsmz.de/bacdive/reference/25047>	
<https://purl.dsmz.de/bacdive/strain/133023>	<https://purl.dsmz.de/bacdive/nutrition_type/1222>	<https://purl.dsmz.de/bacdive/reference/25111>	
<https://purl.dsmz.de/bacdive/strain/133266>	<https://purl.dsmz.de/bacdive/nutrition_type/1223>	<https://purl.dsmz.de/bacdive/reference/25079>	
<https://purl.dsmz.de/bacdive/strain/133028>	<https://purl.dsmz.de/bacdive/nutrition_type/1224>	<https://purl.dsmz.de/bacdive/reference/25108>	
<https://purl.dsmz.de/bacdive/strain/132033>	<https://purl.dsmz.de/bacdive/nutrition_type/1225>	<https://purl.dsmz.de/bacdive/reference/25075>	
<https://purl.dsmz.de/bacdive/strain/133268>	<https://purl.dsmz.de/bacdive/nutrition_type/1226>	<https://purl.dsmz.de/bacdive/reference/25124>	
<https://purl.dsmz.de/bacdive/strain/133030>	<https://purl.dsmz.de/bacdive/nutrition_type/1227>	<https://purl.dsmz.de/bacdive/reference/25114>	
<https://purl.dsmz.de/bacdive/strain/133033>	<https://purl.dsmz.de/bacdive/nutrition_type/1228>	<https://purl.dsmz.de/bacdive/reference/25069>	
<https://purl.dsmz.de/bacdive/strain/133274>	<https://purl.dsmz.de/bacdive/nutrition_type/1229>	<https://purl.dsmz.de/bacdive/reference/25134>	
<https://purl.dsmz.de/bacdive/strain/133277>	<https://purl.dsmz.de/bacdive/nutrition_type/1230>	<https://purl.dsmz.de/bacdive/reference/25125>	
<https://purl.dsmz.de/bacdive/strain/133279>	<https://purl.dsmz.de/bacdive/nutrition_type/1231>	<https://purl.dsmz.de/bacdive/reference/25120>	
<https://purl.dsmz.de/bacdive/strain/133280>	<https://purl.dsmz.de/bacdive/nutrition_type/1232>	<https://purl.dsmz.de/bacdive/reference/25119>	
<https://purl.dsmz.de/bacdive/strain/133281>	<https://purl.dsmz.de/bacdive/nutrition_type/1233>	<https://purl.dsmz.de/bacdive/reference/25112>	
<https://purl.dsmz.de/bacdive/strain/133283>	<https://purl.dsmz.de/bacdive/nutrition_type/1234>	<https://purl.dsmz.de/bacdive/reference/25098>	
<https://purl.dsmz.de/bacdive/strain/133291>	<https://purl.dsmz.de/bacdive/nutrition_type/1235>	<https://purl.dsmz.de/bacdive/reference/25088>	
<https://purl.dsmz.de/bacdive/strain/133292>	<https://purl.dsmz.de/bacdive/nutrition_type/1236>	<https://purl.dsmz.de/bacdive/reference/25084>	
<https://purl.dsmz.de/bacdive/strain/133302>	<https://purl.dsmz.de/bacdive/nutrition_type/1237>	<https://purl.dsmz.de/bacdive/reference/25051>	
<https://purl.dsmz.de/bacdive/strain/133308>	<https://purl.dsmz.de/bacdive/nutrition_type/1238>	<https://purl.dsmz.de/bacdive/reference/25151>	
<https://purl.dsmz.de/bacdive/strain/133308>	<https://purl.dsmz.de/bacdive/nutrition_type/1239>	<https://purl.dsmz.de/bacdive/reference/25151>	
<https://purl.dsmz.de/bacdive/strain/133315>	<https://purl.dsmz.de/bacdive/nutrition_type/1240>	<https://purl.dsmz.de/bacdive/reference/25161>	
<https://purl.dsmz.de/bacdive/strain/133320>	<https://purl.dsmz.de/bacdive/nutrition_type/1241>	<https://purl.dsmz.de/bacdive/reference/25149>	
<https://purl.dsmz.de/bacdive/strain/133330>	<https://purl.dsmz.de/bacdive/nutrition_type/1242>	<https://purl.dsmz.de/bacdive/reference/25183>	
<https://purl.dsmz.de/bacdive/strain/133335>	<https://purl.dsmz.de/bacdive/nutrition_type/1243>	<https://purl.dsmz.de/bacdive/reference/25172>	
<https://purl.dsmz.de/bacdive/strain/133068>	<https://purl.dsmz.de/bacdive/nutrition_type/1244>	<https://purl.dsmz.de/bacdive/reference/25213>	
<https://purl.dsmz.de/bacdive/strain/133340>	<https://purl.dsmz.de/bacdive/nutrition_type/1245>	<https://purl.dsmz.de/bacdive/reference/25181>	
<https://purl.dsmz.de/bacdive/strain/133341>	<https://purl.dsmz.de/bacdive/nutrition_type/1246>	<https://purl.dsmz.de/bacdive/reference/25202>	
<https://purl.dsmz.de/bacdive/strain/130688>	<https://purl.dsmz.de/bacdive/nutrition_type/1247>	<https://purl.dsmz.de/bacdive/reference/25202>	
<https://purl.dsmz.de/bacdive/strain/133345>	<https://purl.dsmz.de/bacdive/nutrition_type/1248>	<https://purl.dsmz.de/bacdive/reference/25171>	
<https://purl.dsmz.de/bacdive/strain/133073>	<https://purl.dsmz.de/bacdive/nutrition_type/1249>	<https://purl.dsmz.de/bacdive/reference/25209>	
<https://purl.dsmz.de/bacdive/strain/133074>	<https://purl.dsmz.de/bacdive/nutrition_type/1250>	<https://purl.dsmz.de/bacdive/reference/25203>	
<https://purl.dsmz.de/bacdive/strain/133349>	<https://purl.dsmz.de/bacdive/nutrition_type/1251>	<https://purl.dsmz.de/bacdive/reference/25194>	
<https://purl.dsmz.de/bacdive/strain/133077>	<https://purl.dsmz.de/bacdive/nutrition_type/1252>	<https://purl.dsmz.de/bacdive/reference/25205>	
<https://purl.dsmz.de/bacdive/strain/133368>	<https://purl.dsmz.de/bacdive/nutrition_type/1253>	<https://purl.dsmz.de/bacdive/reference/25221>	
<https://purl.dsmz.de/bacdive/strain/133093>	<https://purl.dsmz.de/bacdive/nutrition_type/1254>	<https://purl.dsmz.de/bacdive/reference/25270>	
<https://purl.dsmz.de/bacdive/strain/133387>	<https://purl.dsmz.de/bacdive/nutrition_type/1255>	<https://purl.dsmz.de/bacdive/reference/25285>	
<https://purl.dsmz.de/bacdive/strain/133405>	<https://purl.dsmz.de/bacdive/nutrition_type/1256>	<https://purl.dsmz.de/bacdive/reference/25276>	
<https://purl.dsmz.de/bacdive/strain/133409>	<https://purl.dsmz.de/bacdive/nutrition_type/1257>	<https://purl.dsmz.de/bacdive/reference/25245>	
<https://purl.dsmz.de/bacdive/strain/133412>	<https://purl.dsmz.de/bacdive/nutrition_type/1258>	<https://purl.dsmz.de/bacdive/reference/25265>	
<https://purl.dsmz.de/bacdive/strain/133112>	<https://purl.dsmz.de/bacdive/nutrition_type/1259>	<https://purl.dsmz.de/bacdive/reference/25292>	
<https://purl.dsmz.de/bacdive/strain/133121>	<https://purl.dsmz.de/bacdive/nutrition_type/1260>	<https://purl.dsmz.de/bacdive/reference/25311>	
<https://purl.dsmz.de/bacdive/strain/133122>	<https://purl.dsmz.de/bacdive/nutrition_type/1261>	<https://purl.dsmz.de/bacdive/reference/25304>	
<https://purl.dsmz.de/bacdive/strain/140461>	<https://purl.dsmz.de/bacdive/nutrition_type/1262>	<https://purl.dsmz.de/bacdive/reference/43193>	
<https://purl.dsmz.de/bacdive/strain/140272>	<https://purl.dsmz.de/bacdive/nutrition_type/1263>	<https://purl.dsmz.de/bacdive/reference/43207>	
<https://purl.dsmz.de/bacdive/strain/140462>	<https://purl.dsmz.de/bacdive/nutrition_type/1264>	<https://purl.dsmz.de/bacdive/reference/43177>	
<https://purl.dsmz.de/bacdive/strain/133098>	<https://purl.dsmz.de/bacdive/nutrition_type/1265>	<https://purl.dsmz.de/bacdive/reference/43175>	
<https://purl.dsmz.de/bacdive/strain/133098>	<https://purl.dsmz.de/bacdive/nutrition_type/1266>	<https://purl.dsmz.de/bacdive/reference/43175>	
<https://purl.dsmz.de/bacdive/strain/140275>	<https://purl.dsmz.de/bacdive/nutrition_type/1267>	<https://purl.dsmz.de/bacdive/reference/43190>	
<https://purl.dsmz.de/bacdive/strain/140464>	<https://purl.dsmz.de/bacdive/nutrition_type/1268>	<https://purl.dsmz.de/bacdive/reference/43181>	
<https://purl.dsmz.de/bacdive/strain/140468>	<https://purl.dsmz.de/bacdive/nutrition_type/1269>	<https://purl.dsmz.de/bacdive/reference/43188>	
<https://purl.dsmz.de/bacdive/strain/140293>	<https://purl.dsmz.de/bacdive/nutrition_type/1270>	<https://purl.dsmz.de/bacdive/reference/43225>	
<https://purl.dsmz.de/bacdive/strain/140294>	<https://purl.dsmz.de/bacdive/nutrition_type/1271>	<https://purl.dsmz.de/bacdive/reference/43228>	
<https://purl.dsmz.de/bacdive/strain/132606>	<https://purl.dsmz.de/bacdive/nutrition_type/1272>	<https://purl.dsmz.de/bacdive/reference/43106>	
<https://purl.dsmz.de/bacdive/strain/132607>	<https://purl.dsmz.de/bacdive/nutrition_type/1273>	<https://purl.dsmz.de/bacdive/reference/43106>	
<https://purl.dsmz.de/bacdive/strain/132608>	<https://purl.dsmz.de/bacdive/nutrition_type/1274>	<https://purl.dsmz.de/bacdive/reference/43106>	
<https://purl.dsmz.de/bacdive/strain/132610>	<https://purl.dsmz.de/bacdive/nutrition_type/1275>	<https://purl.dsmz.de/bacdive/reference/43115>	
<https://purl.dsmz.de/bacdive/strain/140500>	<https://purl.dsmz.de/bacdive/nutrition_type/1276>	<https://purl.dsmz.de/bacdive/reference/43119>	
<https://purl.dsmz.de/bacdive/strain/140510>	<https://purl.dsmz.de/bacdive/nutrition_type/1277>	<https://purl.dsmz.de/bacdive/reference/43167>	
<https://purl.dsmz.de/bacdive/strain/140514>	<https://purl.dsmz.de/bacdive/nutrition_type/1278>	<https://purl.dsmz.de/bacdive/reference/43093>	
<https://purl.dsmz.de/bacdive/strain/132988>	<https://purl.dsmz.de/bacdive/nutrition_type/1279>	<https://purl.dsmz.de/bacdive/reference/43097>	
<https://purl.dsmz.de/bacdive/strain/132583>	<https://purl.dsmz.de/bacdive/nutrition_type/1280>	<https://purl.dsmz.de/bacdive/reference/43082>	
<https://purl.dsmz.de/bacdive/strain/132584>	<https://purl.dsmz.de/bacdive/nutrition_type/1281>	<https://purl.dsmz.de/bacdive/reference/43082>	
<https://purl.dsmz.de/bacdive/strain/140566>	<https://purl.dsmz.de/bacdive/nutrition_type/1282>	<https://purl.dsmz.de/bacdive/reference/43187>	
<https://purl.dsmz.de/bacdive/strain/140261>	<https://purl.dsmz.de/bacdive/nutrition_type/1283>	<https://purl.dsmz.de/bacdive/reference/43213>	
<https://purl.dsmz.de/bacdive/strain/140570>	<https://purl.dsmz.de/bacdive/nutrition_type/1284>	<https://purl.dsmz.de/bacdive/reference/43340>	
<https://purl.dsmz.de/bacdive/strain/140262>	<https://purl.dsmz.de/bacdive/nutrition_type/1285>	<https://purl.dsmz.de/bacdive/reference/43216>	
<https://purl.dsmz.de/bacdive/strain/1825>	<https://purl.dsmz.de/bacdive/nutrition_type/1286>	<https://purl.dsmz.de/bacdive/reference/43202>	
<https://purl.dsmz.de/bacdive/strain/1825>	<https://purl.dsmz.de/bacdive/nutrition_type/1287>	<https://purl.dsmz.de/bacdive/reference/43202>	
<https://purl.dsmz.de/bacdive/strain/140281>	<https://purl.dsmz.de/bacdive/nutrition_type/1288>	<https://purl.dsmz.de/bacdive/reference/43215>	
<https://purl.dsmz.de/bacdive/strain/140281>	<https://purl.dsmz.de/bacdive/nutrition_type/1289>	<https://purl.dsmz.de/bacdive/reference/43215>	
<https://purl.dsmz.de/bacdive/strain/140283>	<https://purl.dsmz.de/bacdive/nutrition_type/1290>	<https://purl.dsmz.de/bacdive/reference/43219>	
<https://purl.dsmz.de/bacdive/strain/140282>	<https://purl.dsmz.de/bacdive/nutrition_type/1291>	<https://purl.dsmz.de/bacdive/reference/43219>	
<https://purl.dsmz.de/bacdive/strain/11924>	<https://purl.dsmz.de/bacdive/nutrition_type/1292>	<https://purl.dsmz.de/bacdive/reference/43182>	
<https://purl.dsmz.de/bacdive/strain/11925>	<https://purl.dsmz.de/bacdive/nutrition_type/1293>	<https://purl.dsmz.de/bacdive/reference/43182>	
<https://purl.dsmz.de/bacdive/strain/11931>	<https://purl.dsmz.de/bacdive/nutrition_type/1294>	<https://purl.dsmz.de/bacdive/reference/43182>	
<https://purl.dsmz.de/bacdive/strain/11932>	<https://purl.dsmz.de/bacdive/nutrition_type/1295>	<https://purl.dsmz.de/bacdive/reference/43182>	
<https://purl.dsmz.de/bacdive/strain/11923>	<https://purl.dsmz.de/bacdive/nutrition_type/1296>	<https://purl.dsmz.de/bacdive/reference/43182>	
<https://purl.dsmz.de/bacdive/strain/11933>	<https://purl.dsmz.de/bacdive/nutrition_type/1297>	<https://purl.dsmz.de/bacdive/reference/43182>	
<https://purl.dsmz.de/bacdive/strain/11910>	<https://purl.dsmz.de/bacdive/nutrition_type/1298>	<https://purl.dsmz.de/bacdive/reference/43182>	
<https://purl.dsmz.de/bacdive/strain/11912>	<https://purl.dsmz.de/bacdive/nutrition_type/1299>	<https://purl.dsmz.de/bacdive/reference/43182>	
<https://purl.dsmz.de/bacdive/strain/11913>	<https://purl.dsmz.de/bacdive/nutrition_type/1300>	<https://purl.dsmz.de/bacdive/reference/43182>	
<https://purl.dsmz.de/bacdive/strain/11911>	<https://purl.dsmz.de/bacdive/nutrition_type/1301>	<https://purl.dsmz.de/bacdive/reference/43182>	
<https://purl.dsmz.de/bacdive/strain/6140>	<https://purl.dsmz.de/bacdive/nutrition_type/1302>	<https://purl.dsmz.de/bacdive/reference/43206>	
<https://purl.dsmz.de/bacdive/strain/6140>	<https://purl.dsmz.de/bacdive/nutrition_type/1303>	<https://purl.dsmz.de/bacdive/reference/43206>	
<https://purl.dsmz.de/bacdive/strain/6140>	<https://purl.dsmz.de/bacdive/nutrition_type/1304>	<https://purl.dsmz.de/bacdive/reference/43206>	
<https://purl.dsmz.de/bacdive/strain/140291>	<https://purl.dsmz.de/bacdive/nutrition_type/1305>	<https://purl.dsmz.de/bacdive/reference/43269>	
<https://purl.dsmz.de/bacdive/strain/140590>	<https://purl.dsmz.de/bacdive/nutrition_type/1306>	<https://purl.dsmz.de/bacdive/reference/43238>	
<https://purl.dsmz.de/bacdive/strain/140292>	<https://purl.dsmz.de/bacdive/nutrition_type/1307>	<https://purl.dsmz.de/bacdive/reference/43231>	
<https://purl.dsmz.de/bacdive/strain/140298>	<https://purl.dsmz.de/bacdive/nutrition_type/1308>	<https://purl.dsmz.de/bacdive/reference/43270>	
<https://purl.dsmz.de/bacdive/strain/140621>	<https://purl.dsmz.de/bacdive/nutrition_type/1309>	<https://purl.dsmz.de/bacdive/reference/43143>	
<https://purl.dsmz.de/bacdive/strain/132620>	<https://purl.dsmz.de/bacdive/nutrition_type/1310>	<https://purl.dsmz.de/bacdive/reference/43144>	
<https://purl.dsmz.de/bacdive/strain/132621>	<https://purl.dsmz.de/bacdive/nutrition_type/1311>	<https://purl.dsmz.de/bacdive/reference/43144>	
<https://purl.dsmz.de/bacdive/strain/132622>	<https://purl.dsmz.de/bacdive/nutrition_type/1312>	<https://purl.dsmz.de/bacdive/reference/43144>	
<https://purl.dsmz.de/bacdive/strain/132623>	<https://purl.dsmz.de/bacdive/nutrition_type/1313>	<https://purl.dsmz.de/bacdive/reference/43156>	
<https://purl.dsmz.de/bacdive/strain/132623>	<https://purl.dsmz.de/bacdive/nutrition_type/1314>	<https://purl.dsmz.de/bacdive/reference/43156>	
<https://purl.dsmz.de/bacdive/strain/132624>	<https://purl.dsmz.de/bacdive/nutrition_type/1315>	<https://purl.dsmz.de/bacdive/reference/43161>	
<https://purl.dsmz.de/bacdive/strain/132624>	<https://purl.dsmz.de/bacdive/nutrition_type/1316>	<https://purl.dsmz.de/bacdive/reference/43161>	
<https://purl.dsmz.de/bacdive/strain/132624>	<https://purl.dsmz.de/bacdive/nutrition_type/1317>	<https://purl.dsmz.de/bacdive/reference/43161>	
<https://purl.dsmz.de/bacdive/strain/132624>	<https://purl.dsmz.de/bacdive/nutrition_type/1318>	<https://purl.dsmz.de/bacdive/reference/43161>	
<https://purl.dsmz.de/bacdive/strain/132579>	<https://purl.dsmz.de/bacdive/nutrition_type/1319>	<https://purl.dsmz.de/bacdive/reference/43068>	
<https://purl.dsmz.de/bacdive/strain/132588>	<https://purl.dsmz.de/bacdive/nutrition_type/1320>	<https://purl.dsmz.de/bacdive/reference/43087>	
<https://purl.dsmz.de/bacdive/strain/132590>	<https://purl.dsmz.de/bacdive/nutrition_type/1321>	<https://purl.dsmz.de/bacdive/reference/43090>	
<https://purl.dsmz.de/bacdive/strain/140526>	<https://purl.dsmz.de/bacdive/nutrition_type/1322>	<https://purl.dsmz.de/bacdive/reference/43300>	
<https://purl.dsmz.de/bacdive/strain/140532>	<https://purl.dsmz.de/bacdive/nutrition_type/1323>	<https://purl.dsmz.de/bacdive/reference/43316>	
<https://purl.dsmz.de/bacdive/strain/140539>	<https://purl.dsmz.de/bacdive/nutrition_type/1324>	<https://purl.dsmz.de/bacdive/reference/43326>	
<https://purl.dsmz.de/bacdive/strain/140540>	<https://purl.dsmz.de/bacdive/nutrition_type/1325>	<https://purl.dsmz.de/bacdive/reference/43327>	
<https://purl.dsmz.de/bacdive/strain/140544>	<https://purl.dsmz.de/bacdive/nutrition_type/1326>	<https://purl.dsmz.de/bacdive/reference/43332>	
<https://purl.dsmz.de/bacdive/strain/140546>	<https://purl.dsmz.de/bacdive/nutrition_type/1327>	<https://purl.dsmz.de/bacdive/reference/43334>	
<https://purl.dsmz.de/bacdive/strain/140546>	<https://purl.dsmz.de/bacdive/nutrition_type/1328>	<https://purl.dsmz.de/bacdive/reference/43334>	
<https://purl.dsmz.de/bacdive/strain/140549>	<https://purl.dsmz.de/bacdive/nutrition_type/1329>	<https://purl.dsmz.de/bacdive/reference/43338>	
<https://purl.dsmz.de/bacdive/strain/5500>	<https://purl.dsmz.de/bacdive/nutrition_type/1330>	<https://purl.dsmz.de/bacdive/reference/43416>	
<https://purl.dsmz.de/bacdive/strain/5499>	<https://purl.dsmz.de/bacdive/nutrition_type/1331>	<https://purl.dsmz.de/bacdive/reference/43342>	
<https://purl.dsmz.de/bacdive/strain/140658>	<https://purl.dsmz.de/bacdive/nutrition_type/1332>	<https://purl.dsmz.de/bacdive/reference/43405>	
<https://purl.dsmz.de/bacdive/strain/24814>	<https://purl.dsmz.de/bacdive/nutrition_type/1333>	<https://purl.dsmz.de/bacdive/reference/43403>	
<https://purl.dsmz.de/bacdive/strain/134150>	<https://purl.dsmz.de/bacdive/nutrition_type/1334>	<https://purl.dsmz.de/bacdive/reference/27837>	
<https://purl.dsmz.de/bacdive/strain/17717>	<https://purl.dsmz.de/bacdive/nutrition_type/1335>	<https://purl.dsmz.de/bacdive/reference/43342>	
<https://purl.dsmz.de/bacdive/strain/4240>	<https://purl.dsmz.de/bacdive/nutrition_type/1336>	<https://purl.dsmz.de/bacdive/reference/43415>	
<https://purl.dsmz.de/bacdive/strain/17719>	<https://purl.dsmz.de/bacdive/nutrition_type/1337>	<https://purl.dsmz.de/bacdive/reference/28014>	
<https://purl.dsmz.de/bacdive/strain/3776>	<https://purl.dsmz.de/bacdive/nutrition_type/1338>	<https://purl.dsmz.de/bacdive/reference/43374>	
<https://purl.dsmz.de/bacdive/strain/17033>	<https://purl.dsmz.de/bacdive/nutrition_type/1339>	<https://purl.dsmz.de/bacdive/reference/43352>	
<https://purl.dsmz.de/bacdive/strain/6199>	<https://purl.dsmz.de/bacdive/nutrition_type/1340>	<https://purl.dsmz.de/bacdive/reference/43364>	
<https://purl.dsmz.de/bacdive/strain/17649>	<https://purl.dsmz.de/bacdive/nutrition_type/1341>	<https://purl.dsmz.de/bacdive/reference/43418>	
<https://purl.dsmz.de/bacdive/strain/14046>	<https://purl.dsmz.de/bacdive/nutrition_type/1342>	<https://purl.dsmz.de/bacdive/reference/28558>	
<https://purl.dsmz.de/bacdive/strain/24801>	<https://purl.dsmz.de/bacdive/nutrition_type/1343>	<https://purl.dsmz.de/bacdive/reference/43396>	
<https://purl.dsmz.de/bacdive/strain/5616>	<https://purl.dsmz.de/bacdive/nutrition_type/1344>	<https://purl.dsmz.de/bacdive/reference/43388>	
<https://purl.dsmz.de/bacdive/strain/5617>	<https://purl.dsmz.de/bacdive/nutrition_type/1345>	<https://purl.dsmz.de/bacdive/reference/43393>	
<https://purl.dsmz.de/bacdive/strain/3813>	<https://purl.dsmz.de/bacdive/nutrition_type/1346>	<https://purl.dsmz.de/bacdive/reference/43350>	
<https://purl.dsmz.de/bacdive/strain/17906>	<https://purl.dsmz.de/bacdive/nutrition_type/1347>	<https://purl.dsmz.de/bacdive/reference/28584>	
<https://purl.dsmz.de/bacdive/strain/11943>	<https://purl.dsmz.de/bacdive/nutrition_type/1348>	<https://purl.dsmz.de/bacdive/reference/28725>	
<https://purl.dsmz.de/bacdive/strain/24754>	<https://purl.dsmz.de/bacdive/nutrition_type/1349>	<https://purl.dsmz.de/bacdive/reference/43378>	
<https://purl.dsmz.de/bacdive/strain/24757>	<https://purl.dsmz.de/bacdive/nutrition_type/1350>	<https://purl.dsmz.de/bacdive/reference/43378>	
<https://purl.dsmz.de/bacdive/strain/24759>	<https://purl.dsmz.de/bacdive/nutrition_type/1351>	<https://purl.dsmz.de/bacdive/reference/43378>	
<https://purl.dsmz.de/bacdive/strain/18040>	<https://purl.dsmz.de/bacdive/nutrition_type/1352>	<https://purl.dsmz.de/bacdive/reference/43371>	
<https://purl.dsmz.de/bacdive/strain/140665>	<https://purl.dsmz.de/bacdive/nutrition_type/1353>	<https://purl.dsmz.de/bacdive/reference/43390>	
<https://purl.dsmz.de/bacdive/strain/17068>	<https://purl.dsmz.de/bacdive/nutrition_type/1354>	<https://purl.dsmz.de/bacdive/reference/43376>	
<https://purl.dsmz.de/bacdive/strain/5658>	<https://purl.dsmz.de/bacdive/nutrition_type/1355>	<https://purl.dsmz.de/bacdive/reference/26336>	
<https://purl.dsmz.de/bacdive/strain/2853>	<https://purl.dsmz.de/bacdive/nutrition_type/1356>	<https://purl.dsmz.de/bacdive/reference/25435>	
<https://purl.dsmz.de/bacdive/strain/17777>	<https://purl.dsmz.de/bacdive/nutrition_type/1357>	<https://purl.dsmz.de/bacdive/reference/43422>	
<https://purl.dsmz.de/bacdive/strain/5477>	<https://purl.dsmz.de/bacdive/nutrition_type/1358>	<https://purl.dsmz.de/bacdive/reference/43341>	
<https://purl.dsmz.de/bacdive/strain/18028>	<https://purl.dsmz.de/bacdive/nutrition_type/1359>	<https://purl.dsmz.de/bacdive/reference/28511>	
<https://purl.dsmz.de/bacdive/strain/18029>	<https://purl.dsmz.de/bacdive/nutrition_type/1360>	<https://purl.dsmz.de/bacdive/reference/28511>	
<https://purl.dsmz.de/bacdive/strain/18024>	<https://purl.dsmz.de/bacdive/nutrition_type/1361>	<https://purl.dsmz.de/bacdive/reference/43351>	
<https://purl.dsmz.de/bacdive/strain/140656>	<https://purl.dsmz.de/bacdive/nutrition_type/1362>	<https://purl.dsmz.de/bacdive/reference/43401>	
<https://purl.dsmz.de/bacdive/strain/18027>	<https://purl.dsmz.de/bacdive/nutrition_type/1363>	<https://purl.dsmz.de/bacdive/reference/43370>	
<https://purl.dsmz.de/bacdive/strain/17820>	<https://purl.dsmz.de/bacdive/nutrition_type/1364>	<https://purl.dsmz.de/bacdive/reference/26085>	
<https://purl.dsmz.de/bacdive/strain/14134>	<https://purl.dsmz.de/bacdive/nutrition_type/1365>	<https://purl.dsmz.de/bacdive/reference/28434>	
<https://purl.dsmz.de/bacdive/strain/12496>	<https://purl.dsmz.de/bacdive/nutrition_type/1366>	<https://purl.dsmz.de/bacdive/reference/27900>	
<https://purl.dsmz.de/bacdive/strain/13692>	<https://purl.dsmz.de/bacdive/nutrition_type/1367>	<https://purl.dsmz.de/bacdive/reference/43385>	
<https://purl.dsmz.de/bacdive/strain/13690>	<https://purl.dsmz.de/bacdive/nutrition_type/1368>	<https://purl.dsmz.de/bacdive/reference/43385>	
<https://purl.dsmz.de/bacdive/strain/13691>	<https://purl.dsmz.de/bacdive/nutrition_type/1369>	<https://purl.dsmz.de/bacdive/reference/43385>	
<https://purl.dsmz.de/bacdive/strain/5636>	<https://purl.dsmz.de/bacdive/nutrition_type/1370>	<https://purl.dsmz.de/bacdive/reference/26520>	
<https://purl.dsmz.de/bacdive/strain/140669>	<https://purl.dsmz.de/bacdive/nutrition_type/1371>	<https://purl.dsmz.de/bacdive/reference/43433>	
<https://purl.dsmz.de/bacdive/strain/140676>	<https://purl.dsmz.de/bacdive/nutrition_type/1372>	<https://purl.dsmz.de/bacdive/reference/43440>	
<https://purl.dsmz.de/bacdive/strain/2537>	<https://purl.dsmz.de/bacdive/nutrition_type/1373>	<https://purl.dsmz.de/bacdive/reference/43456>	
<https://purl.dsmz.de/bacdive/strain/2650>	<https://purl.dsmz.de/bacdive/nutrition_type/1374>	<https://purl.dsmz.de/bacdive/reference/43456>	
<https://purl.dsmz.de/bacdive/strain/140692>	<https://purl.dsmz.de/bacdive/nutrition_type/1375>	<https://purl.dsmz.de/bacdive/reference/43461>	
<https://purl.dsmz.de/bacdive/strain/140357>	<https://purl.dsmz.de/bacdive/nutrition_type/1376>	<https://purl.dsmz.de/bacdive/reference/43466>	
<https://purl.dsmz.de/bacdive/strain/140699>	<https://purl.dsmz.de/bacdive/nutrition_type/1377>	<https://purl.dsmz.de/bacdive/reference/43469>	
<https://purl.dsmz.de/bacdive/strain/140700>	<https://purl.dsmz.de/bacdive/nutrition_type/1378>	<https://purl.dsmz.de/bacdive/reference/43470>	
<https://purl.dsmz.de/bacdive/strain/140375>	<https://purl.dsmz.de/bacdive/nutrition_type/1379>	<https://purl.dsmz.de/bacdive/reference/43479>	
<https://purl.dsmz.de/bacdive/strain/140412>	<https://purl.dsmz.de/bacdive/nutrition_type/1380>	<https://purl.dsmz.de/bacdive/reference/43495>	
<https://purl.dsmz.de/bacdive/strain/14319>	<https://purl.dsmz.de/bacdive/nutrition_type/1381>	<https://purl.dsmz.de/bacdive/reference/43496>	
<https://purl.dsmz.de/bacdive/strain/140719>	<https://purl.dsmz.de/bacdive/nutrition_type/1382>	<https://purl.dsmz.de/bacdive/reference/43497>	
<https://purl.dsmz.de/bacdive/strain/140723>	<https://purl.dsmz.de/bacdive/nutrition_type/1383>	<https://purl.dsmz.de/bacdive/reference/43501>	
<https://purl.dsmz.de/bacdive/strain/140725>	<https://purl.dsmz.de/bacdive/nutrition_type/1384>	<https://purl.dsmz.de/bacdive/reference/43503>	
<https://purl.dsmz.de/bacdive/strain/140730>	<https://purl.dsmz.de/bacdive/nutrition_type/1385>	<https://purl.dsmz.de/bacdive/reference/43509>	
<https://purl.dsmz.de/bacdive/strain/140734>	<https://purl.dsmz.de/bacdive/nutrition_type/1386>	<https://purl.dsmz.de/bacdive/reference/43513>	
<https://purl.dsmz.de/bacdive/strain/140735>	<https://purl.dsmz.de/bacdive/nutrition_type/1387>	<https://purl.dsmz.de/bacdive/reference/43513>	
<https://purl.dsmz.de/bacdive/strain/140737>	<https://purl.dsmz.de/bacdive/nutrition_type/1388>	<https://purl.dsmz.de/bacdive/reference/43516>	
<https://purl.dsmz.de/bacdive/strain/140747>	<https://purl.dsmz.de/bacdive/nutrition_type/1389>	<https://purl.dsmz.de/bacdive/reference/43524>	
<https://purl.dsmz.de/bacdive/strain/2806>	<https://purl.dsmz.de/bacdive/nutrition_type/1390>	<https://purl.dsmz.de/bacdive/reference/43524>	
<https://purl.dsmz.de/bacdive/strain/2765>	<https://purl.dsmz.de/bacdive/nutrition_type/1391>	<https://purl.dsmz.de/bacdive/reference/43524>	
<https://purl.dsmz.de/bacdive/strain/2646>	<https://purl.dsmz.de/bacdive/nutrition_type/1392>	<https://purl.dsmz.de/bacdive/reference/43524>	
<https://purl.dsmz.de/bacdive/strain/140750>	<https://purl.dsmz.de/bacdive/nutrition_type/1393>	<https://purl.dsmz.de/bacdive/reference/43528>	
<https://purl.dsmz.de/bacdive/strain/140771>	<https://purl.dsmz.de/bacdive/nutrition_type/1394>	<https://purl.dsmz.de/bacdive/reference/43549>	
<https://purl.dsmz.de/bacdive/strain/140773>	<https://purl.dsmz.de/bacdive/nutrition_type/1395>	<https://purl.dsmz.de/bacdive/reference/43551>	
<https://purl.dsmz.de/bacdive/strain/140775>	<https://purl.dsmz.de/bacdive/nutrition_type/1396>	<https://purl.dsmz.de/bacdive/reference/43553>	
<https://purl.dsmz.de/bacdive/strain/140782>	<https://purl.dsmz.de/bacdive/nutrition_type/1397>	<https://purl.dsmz.de/bacdive/reference/43549>	
<https://purl.dsmz.de/bacdive/strain/140788>	<https://purl.dsmz.de/bacdive/nutrition_type/1398>	<https://purl.dsmz.de/bacdive/reference/43566>	
<https://purl.dsmz.de/bacdive/strain/132628>	<https://purl.dsmz.de/bacdive/nutrition_type/1399>	<https://purl.dsmz.de/bacdive/reference/43576>	
<https://purl.dsmz.de/bacdive/strain/6089>	<https://purl.dsmz.de/bacdive/nutrition_type/1400>	<https://purl.dsmz.de/bacdive/reference/43579>	
<https://purl.dsmz.de/bacdive/strain/132582>	<https://purl.dsmz.de/bacdive/nutrition_type/1401>	<https://purl.dsmz.de/bacdive/reference/43580>	
<https://purl.dsmz.de/bacdive/strain/2068>	<https://purl.dsmz.de/bacdive/nutrition_type/1402>	<https://purl.dsmz.de/bacdive/reference/43586>	
<https://purl.dsmz.de/bacdive/strain/2071>	<https://purl.dsmz.de/bacdive/nutrition_type/1403>	<https://purl.dsmz.de/bacdive/reference/43586>	
<https://purl.dsmz.de/bacdive/strain/2070>	<https://purl.dsmz.de/bacdive/nutrition_type/1404>	<https://purl.dsmz.de/bacdive/reference/43586>	
<https://purl.dsmz.de/bacdive/strain/2069>	<https://purl.dsmz.de/bacdive/nutrition_type/1405>	<https://purl.dsmz.de/bacdive/reference/43586>	
<https://purl.dsmz.de/bacdive/strain/140814>	<https://purl.dsmz.de/bacdive/nutrition_type/1406>	<https://purl.dsmz.de/bacdive/reference/43601>	
<https://purl.dsmz.de/bacdive/strain/140817>	<https://purl.dsmz.de/bacdive/nutrition_type/1407>	<https://purl.dsmz.de/bacdive/reference/43607>	
<https://purl.dsmz.de/bacdive/strain/140831>	<https://purl.dsmz.de/bacdive/nutrition_type/1408>	<https://purl.dsmz.de/bacdive/reference/43629>	
<https://purl.dsmz.de/bacdive/strain/132534>	<https://purl.dsmz.de/bacdive/nutrition_type/1409>	<https://purl.dsmz.de/bacdive/reference/43631>	
<https://purl.dsmz.de/bacdive/strain/140835>	<https://purl.dsmz.de/bacdive/nutrition_type/1410>	<https://purl.dsmz.de/bacdive/reference/43638>	
<https://purl.dsmz.de/bacdive/strain/140842>	<https://purl.dsmz.de/bacdive/nutrition_type/1411>	<https://purl.dsmz.de/bacdive/reference/43645>	
<https://purl.dsmz.de/bacdive/strain/140844>	<https://purl.dsmz.de/bacdive/nutrition_type/1412>	<https://purl.dsmz.de/bacdive/reference/43647>	
<https://purl.dsmz.de/bacdive/strain/132517>	<https://purl.dsmz.de/bacdive/nutrition_type/1413>	<https://purl.dsmz.de/bacdive/reference/43651>	
<https://purl.dsmz.de/bacdive/strain/132529>	<https://purl.dsmz.de/bacdive/nutrition_type/1414>	<https://purl.dsmz.de/bacdive/reference/43653>	
<https://purl.dsmz.de/bacdive/strain/132490>	<https://purl.dsmz.de/bacdive/nutrition_type/1415>	<https://purl.dsmz.de/bacdive/reference/43669>	
<https://purl.dsmz.de/bacdive/strain/139044>	<https://purl.dsmz.de/bacdive/nutrition_type/1416>	<https://purl.dsmz.de/bacdive/reference/43689>	
<https://purl.dsmz.de/bacdive/strain/17779>	<https://purl.dsmz.de/bacdive/nutrition_type/1417>	<https://purl.dsmz.de/bacdive/reference/43698>	
<https://purl.dsmz.de/bacdive/strain/17777>	<https://purl.dsmz.de/bacdive/nutrition_type/1418>	<https://purl.dsmz.de/bacdive/reference/43698>	
<https://purl.dsmz.de/bacdive/strain/17778>	<https://purl.dsmz.de/bacdive/nutrition_type/1419>	<https://purl.dsmz.de/bacdive/reference/43698>	
<https://purl.dsmz.de/bacdive/strain/140873>	<https://purl.dsmz.de/bacdive/nutrition_type/1420>	<https://purl.dsmz.de/bacdive/reference/43699>	
<https://purl.dsmz.de/bacdive/strain/132452>	<https://purl.dsmz.de/bacdive/nutrition_type/1421>	<https://purl.dsmz.de/bacdive/reference/43713>	
<https://purl.dsmz.de/bacdive/strain/140889>	<https://purl.dsmz.de/bacdive/nutrition_type/1422>	<https://purl.dsmz.de/bacdive/reference/43719>	
<https://purl.dsmz.de/bacdive/strain/132465>	<https://purl.dsmz.de/bacdive/nutrition_type/1423>	<https://purl.dsmz.de/bacdive/reference/43720>	
<https://purl.dsmz.de/bacdive/strain/140891>	<https://purl.dsmz.de/bacdive/nutrition_type/1424>	<https://purl.dsmz.de/bacdive/reference/43723>	
<https://purl.dsmz.de/bacdive/strain/140894>	<https://purl.dsmz.de/bacdive/nutrition_type/1425>	<https://purl.dsmz.de/bacdive/reference/43726>	
<https://purl.dsmz.de/bacdive/strain/140896>	<https://purl.dsmz.de/bacdive/nutrition_type/1426>	<https://purl.dsmz.de/bacdive/reference/43729>	
<https://purl.dsmz.de/bacdive/strain/132429>	<https://purl.dsmz.de/bacdive/nutrition_type/1427>	<https://purl.dsmz.de/bacdive/reference/43730>	
<https://purl.dsmz.de/bacdive/strain/140899>	<https://purl.dsmz.de/bacdive/nutrition_type/1428>	<https://purl.dsmz.de/bacdive/reference/43736>	
<https://purl.dsmz.de/bacdive/strain/140901>	<https://purl.dsmz.de/bacdive/nutrition_type/1429>	<https://purl.dsmz.de/bacdive/reference/43740>	
<https://purl.dsmz.de/bacdive/strain/132428>	<https://purl.dsmz.de/bacdive/nutrition_type/1430>	<https://purl.dsmz.de/bacdive/reference/43763>	
<https://purl.dsmz.de/bacdive/strain/132385>	<https://purl.dsmz.de/bacdive/nutrition_type/1431>	<https://purl.dsmz.de/bacdive/reference/43774>	
<https://purl.dsmz.de/bacdive/strain/140917>	<https://purl.dsmz.de/bacdive/nutrition_type/1432>	<https://purl.dsmz.de/bacdive/reference/43784>	
<https://purl.dsmz.de/bacdive/strain/140919>	<https://purl.dsmz.de/bacdive/nutrition_type/1433>	<https://purl.dsmz.de/bacdive/reference/43788>	
<https://purl.dsmz.de/bacdive/strain/132386>	<https://purl.dsmz.de/bacdive/nutrition_type/1434>	<https://purl.dsmz.de/bacdive/reference/43790>	
<https://purl.dsmz.de/bacdive/strain/132414>	<https://purl.dsmz.de/bacdive/nutrition_type/1435>	<https://purl.dsmz.de/bacdive/reference/43793>	
<https://purl.dsmz.de/bacdive/strain/140931>	<https://purl.dsmz.de/bacdive/nutrition_type/1436>	<https://purl.dsmz.de/bacdive/reference/43808>	
<https://purl.dsmz.de/bacdive/strain/132417>	<https://purl.dsmz.de/bacdive/nutrition_type/1437>	<https://purl.dsmz.de/bacdive/reference/43814>	
<https://purl.dsmz.de/bacdive/strain/132374>	<https://purl.dsmz.de/bacdive/nutrition_type/1438>	<https://purl.dsmz.de/bacdive/reference/43815>	
<https://purl.dsmz.de/bacdive/strain/132375>	<https://purl.dsmz.de/bacdive/nutrition_type/1439>	<https://purl.dsmz.de/bacdive/reference/43815>	
<https://purl.dsmz.de/bacdive/strain/140937>	<https://purl.dsmz.de/bacdive/nutrition_type/1440>	<https://purl.dsmz.de/bacdive/reference/43822>	
<https://purl.dsmz.de/bacdive/strain/132403>	<https://purl.dsmz.de/bacdive/nutrition_type/1441>	<https://purl.dsmz.de/bacdive/reference/43825>	
<https://purl.dsmz.de/bacdive/strain/140938>	<https://purl.dsmz.de/bacdive/nutrition_type/1442>	<https://purl.dsmz.de/bacdive/reference/43826>	
<https://purl.dsmz.de/bacdive/strain/140939>	<https://purl.dsmz.de/bacdive/nutrition_type/1443>	<https://purl.dsmz.de/bacdive/reference/43827>	
<https://purl.dsmz.de/bacdive/strain/140141>	<https://purl.dsmz.de/bacdive/nutrition_type/1444>	<https://purl.dsmz.de/bacdive/reference/43828>	
<https://purl.dsmz.de/bacdive/strain/132354>	<https://purl.dsmz.de/bacdive/nutrition_type/1445>	<https://purl.dsmz.de/bacdive/reference/43829>	
<https://purl.dsmz.de/bacdive/strain/132357>	<https://purl.dsmz.de/bacdive/nutrition_type/1446>	<https://purl.dsmz.de/bacdive/reference/43830>	
<https://purl.dsmz.de/bacdive/strain/140948>	<https://purl.dsmz.de/bacdive/nutrition_type/1447>	<https://purl.dsmz.de/bacdive/reference/43841>	
<https://purl.dsmz.de/bacdive/strain/140973>	<https://purl.dsmz.de/bacdive/nutrition_type/1448>	<https://purl.dsmz.de/bacdive/reference/43865>	
<https://purl.dsmz.de/bacdive/strain/140982>	<https://purl.dsmz.de/bacdive/nutrition_type/1449>	<https://purl.dsmz.de/bacdive/reference/43871>	
<https://purl.dsmz.de/bacdive/strain/140983>	<https://purl.dsmz.de/bacdive/nutrition_type/1450>	<https://purl.dsmz.de/bacdive/reference/43871>	
<https://purl.dsmz.de/bacdive/strain/140992>	<https://purl.dsmz.de/bacdive/nutrition_type/1451>	<https://purl.dsmz.de/bacdive/reference/43879>	
<https://purl.dsmz.de/bacdive/strain/140993>	<https://purl.dsmz.de/bacdive/nutrition_type/1452>	<https://purl.dsmz.de/bacdive/reference/43879>	
<https://purl.dsmz.de/bacdive/strain/140414>	<https://purl.dsmz.de/bacdive/nutrition_type/1453>	<https://purl.dsmz.de/bacdive/reference/43904>	
<https://purl.dsmz.de/bacdive/strain/6091>	<https://purl.dsmz.de/bacdive/nutrition_type/1454>	<https://purl.dsmz.de/bacdive/reference/43579>	
<https://purl.dsmz.de/bacdive/strain/6092>	<https://purl.dsmz.de/bacdive/nutrition_type/1455>	<https://purl.dsmz.de/bacdive/reference/43579>	
<https://purl.dsmz.de/bacdive/strain/141051>	<https://purl.dsmz.de/bacdive/nutrition_type/1456>	<https://purl.dsmz.de/bacdive/reference/43931>	
<https://purl.dsmz.de/bacdive/strain/132569>	<https://purl.dsmz.de/bacdive/nutrition_type/1457>	<https://purl.dsmz.de/bacdive/reference/43947>	
<https://purl.dsmz.de/bacdive/strain/141067>	<https://purl.dsmz.de/bacdive/nutrition_type/1458>	<https://purl.dsmz.de/bacdive/reference/43953>	
<https://purl.dsmz.de/bacdive/strain/141082>	<https://purl.dsmz.de/bacdive/nutrition_type/1459>	<https://purl.dsmz.de/bacdive/reference/43981>	
<https://purl.dsmz.de/bacdive/strain/132478>	<https://purl.dsmz.de/bacdive/nutrition_type/1460>	<https://purl.dsmz.de/bacdive/reference/43989>	
<https://purl.dsmz.de/bacdive/strain/141092>	<https://purl.dsmz.de/bacdive/nutrition_type/1461>	<https://purl.dsmz.de/bacdive/reference/43998>	
<https://purl.dsmz.de/bacdive/strain/141096>	<https://purl.dsmz.de/bacdive/nutrition_type/1462>	<https://purl.dsmz.de/bacdive/reference/44005>	
<https://purl.dsmz.de/bacdive/strain/141096>	<https://purl.dsmz.de/bacdive/nutrition_type/1463>	<https://purl.dsmz.de/bacdive/reference/44005>	
<https://purl.dsmz.de/bacdive/strain/141096>	<https://purl.dsmz.de/bacdive/nutrition_type/1464>	<https://purl.dsmz.de/bacdive/reference/44005>	
<https://purl.dsmz.de/bacdive/strain/141097>	<https://purl.dsmz.de/bacdive/nutrition_type/1465>	<https://purl.dsmz.de/bacdive/reference/44006>	
<https://purl.dsmz.de/bacdive/strain/141102>	<https://purl.dsmz.de/bacdive/nutrition_type/1466>	<https://purl.dsmz.de/bacdive/reference/44010>	
<https://purl.dsmz.de/bacdive/strain/132415>	<https://purl.dsmz.de/bacdive/nutrition_type/1467>	<https://purl.dsmz.de/bacdive/reference/44025>	
<https://purl.dsmz.de/bacdive/strain/141116>	<https://purl.dsmz.de/bacdive/nutrition_type/1468>	<https://purl.dsmz.de/bacdive/reference/44027>	
<https://purl.dsmz.de/bacdive/strain/141117>	<https://purl.dsmz.de/bacdive/nutrition_type/1469>	<https://purl.dsmz.de/bacdive/reference/44028>	
<https://purl.dsmz.de/bacdive/strain/141120>	<https://purl.dsmz.de/bacdive/nutrition_type/1470>	<https://purl.dsmz.de/bacdive/reference/44032>	
<https://purl.dsmz.de/bacdive/strain/132412>	<https://purl.dsmz.de/bacdive/nutrition_type/1471>	<https://purl.dsmz.de/bacdive/reference/44034>	
<https://purl.dsmz.de/bacdive/strain/132361>	<https://purl.dsmz.de/bacdive/nutrition_type/1472>	<https://purl.dsmz.de/bacdive/reference/44040>	
<https://purl.dsmz.de/bacdive/strain/141129>	<https://purl.dsmz.de/bacdive/nutrition_type/1473>	<https://purl.dsmz.de/bacdive/reference/44041>	
<https://purl.dsmz.de/bacdive/strain/141132>	<https://purl.dsmz.de/bacdive/nutrition_type/1474>	<https://purl.dsmz.de/bacdive/reference/44045>	
<https://purl.dsmz.de/bacdive/strain/141135>	<https://purl.dsmz.de/bacdive/nutrition_type/1475>	<https://purl.dsmz.de/bacdive/reference/44051>	
<https://purl.dsmz.de/bacdive/strain/141136>	<https://purl.dsmz.de/bacdive/nutrition_type/1476>	<https://purl.dsmz.de/bacdive/reference/44052>	
<https://purl.dsmz.de/bacdive/strain/132356>	<https://purl.dsmz.de/bacdive/nutrition_type/1477>	<https://purl.dsmz.de/bacdive/reference/44055>	
<https://purl.dsmz.de/bacdive/strain/132351>	<https://purl.dsmz.de/bacdive/nutrition_type/1478>	<https://purl.dsmz.de/bacdive/reference/44065>	
<https://purl.dsmz.de/bacdive/strain/132353>	<https://purl.dsmz.de/bacdive/nutrition_type/1479>	<https://purl.dsmz.de/bacdive/reference/44065>	
<https://purl.dsmz.de/bacdive/strain/141146>	<https://purl.dsmz.de/bacdive/nutrition_type/1480>	<https://purl.dsmz.de/bacdive/reference/44067>	
<https://purl.dsmz.de/bacdive/strain/2072>	<https://purl.dsmz.de/bacdive/nutrition_type/1481>	<https://purl.dsmz.de/bacdive/reference/44087>	
<https://purl.dsmz.de/bacdive/strain/158529>	<https://purl.dsmz.de/bacdive/nutrition_type/1482>	<https://purl.dsmz.de/bacdive/reference/65206>	
<https://purl.dsmz.de/bacdive/strain/158529>	<https://purl.dsmz.de/bacdive/nutrition_type/1483>	<https://purl.dsmz.de/bacdive/reference/65206>	
<https://purl.dsmz.de/bacdive/strain/158529>	<https://purl.dsmz.de/bacdive/nutrition_type/1484>	<https://purl.dsmz.de/bacdive/reference/65206>	
<https://purl.dsmz.de/bacdive/strain/132366>	<https://purl.dsmz.de/bacdive/nutrition_type/1485>	<https://purl.dsmz.de/bacdive/reference/65215>	
<https://purl.dsmz.de/bacdive/strain/158540>	<https://purl.dsmz.de/bacdive/nutrition_type/1486>	<https://purl.dsmz.de/bacdive/reference/65231>	
<https://purl.dsmz.de/bacdive/strain/158541>	<https://purl.dsmz.de/bacdive/nutrition_type/1487>	<https://purl.dsmz.de/bacdive/reference/65231>	
<https://purl.dsmz.de/bacdive/strain/157132>	<https://purl.dsmz.de/bacdive/nutrition_type/1488>	<https://purl.dsmz.de/bacdive/reference/65238>	
<https://purl.dsmz.de/bacdive/strain/158281>	<https://purl.dsmz.de/bacdive/nutrition_type/1489>	<https://purl.dsmz.de/bacdive/reference/65280>	
<https://purl.dsmz.de/bacdive/strain/158583>	<https://purl.dsmz.de/bacdive/nutrition_type/1490>	<https://purl.dsmz.de/bacdive/reference/65294>	
<https://purl.dsmz.de/bacdive/strain/158595>	<https://purl.dsmz.de/bacdive/nutrition_type/1491>	<https://purl.dsmz.de/bacdive/reference/65308>	
<https://purl.dsmz.de/bacdive/strain/158322>	<https://purl.dsmz.de/bacdive/nutrition_type/1492>	<https://purl.dsmz.de/bacdive/reference/65345>	
<https://purl.dsmz.de/bacdive/strain/158621>	<https://purl.dsmz.de/bacdive/nutrition_type/1493>	<https://purl.dsmz.de/bacdive/reference/65346>	
<https://purl.dsmz.de/bacdive/strain/158363>	<https://purl.dsmz.de/bacdive/nutrition_type/1494>	<https://purl.dsmz.de/bacdive/reference/65369>	
<https://purl.dsmz.de/bacdive/strain/158363>	<https://purl.dsmz.de/bacdive/nutrition_type/1495>	<https://purl.dsmz.de/bacdive/reference/65369>	
<https://purl.dsmz.de/bacdive/strain/158668>	<https://purl.dsmz.de/bacdive/nutrition_type/1496>	<https://purl.dsmz.de/bacdive/reference/65397>	
<https://purl.dsmz.de/bacdive/strain/158282>	<https://purl.dsmz.de/bacdive/nutrition_type/1497>	<https://purl.dsmz.de/bacdive/reference/65404>	
<https://purl.dsmz.de/bacdive/strain/158679>	<https://purl.dsmz.de/bacdive/nutrition_type/1498>	<https://purl.dsmz.de/bacdive/reference/65411>	
<https://purl.dsmz.de/bacdive/strain/158680>	<https://purl.dsmz.de/bacdive/nutrition_type/1499>	<https://purl.dsmz.de/bacdive/reference/65415>	
<https://purl.dsmz.de/bacdive/strain/158280>	<https://purl.dsmz.de/bacdive/nutrition_type/1500>	<https://purl.dsmz.de/bacdive/reference/65416>	
<https://purl.dsmz.de/bacdive/strain/158682>	<https://purl.dsmz.de/bacdive/nutrition_type/1501>	<https://purl.dsmz.de/bacdive/reference/65418>	
<https://purl.dsmz.de/bacdive/strain/158689>	<https://purl.dsmz.de/bacdive/nutrition_type/1502>	<https://purl.dsmz.de/bacdive/reference/65426>	
<https://purl.dsmz.de/bacdive/strain/158700>	<https://purl.dsmz.de/bacdive/nutrition_type/1503>	<https://purl.dsmz.de/bacdive/reference/65439>	
<https://purl.dsmz.de/bacdive/strain/158703>	<https://purl.dsmz.de/bacdive/nutrition_type/1504>	<https://purl.dsmz.de/bacdive/reference/65443>	
<https://purl.dsmz.de/bacdive/strain/158720>	<https://purl.dsmz.de/bacdive/nutrition_type/1505>	<https://purl.dsmz.de/bacdive/reference/65465>	
<https://purl.dsmz.de/bacdive/strain/158721>	<https://purl.dsmz.de/bacdive/nutrition_type/1506>	<https://purl.dsmz.de/bacdive/reference/65468>	
<https://purl.dsmz.de/bacdive/strain/158721>	<https://purl.dsmz.de/bacdive/nutrition_type/1507>	<https://purl.dsmz.de/bacdive/reference/65468>	
<https://purl.dsmz.de/bacdive/strain/158721>	<https://purl.dsmz.de/bacdive/nutrition_type/1508>	<https://purl.dsmz.de/bacdive/reference/65468>	
<https://purl.dsmz.de/bacdive/strain/158725>	<https://purl.dsmz.de/bacdive/nutrition_type/1509>	<https://purl.dsmz.de/bacdive/reference/65472>	
<https://purl.dsmz.de/bacdive/strain/158770>	<https://purl.dsmz.de/bacdive/nutrition_type/1510>	<https://purl.dsmz.de/bacdive/reference/65525>	
<https://purl.dsmz.de/bacdive/strain/158771>	<https://purl.dsmz.de/bacdive/nutrition_type/1511>	<https://purl.dsmz.de/bacdive/reference/65525>	
<https://purl.dsmz.de/bacdive/strain/158776>	<https://purl.dsmz.de/bacdive/nutrition_type/1512>	<https://purl.dsmz.de/bacdive/reference/65530>	
<https://purl.dsmz.de/bacdive/strain/157768>	<https://purl.dsmz.de/bacdive/nutrition_type/1513>	<https://purl.dsmz.de/bacdive/reference/65560>	
<https://purl.dsmz.de/bacdive/strain/158800>	<https://purl.dsmz.de/bacdive/nutrition_type/1514>	<https://purl.dsmz.de/bacdive/reference/65561>	
<https://purl.dsmz.de/bacdive/strain/158274>	<https://purl.dsmz.de/bacdive/nutrition_type/1515>	<https://purl.dsmz.de/bacdive/reference/65564>	
<https://purl.dsmz.de/bacdive/strain/158817>	<https://purl.dsmz.de/bacdive/nutrition_type/1516>	<https://purl.dsmz.de/bacdive/reference/65581>	
<https://purl.dsmz.de/bacdive/strain/158817>	<https://purl.dsmz.de/bacdive/nutrition_type/1517>	<https://purl.dsmz.de/bacdive/reference/65581>	
<https://purl.dsmz.de/bacdive/strain/159700>	<https://purl.dsmz.de/bacdive/nutrition_type/1518>	<https://purl.dsmz.de/bacdive/reference/66563>	
<https://purl.dsmz.de/bacdive/strain/159703>	<https://purl.dsmz.de/bacdive/nutrition_type/1519>	<https://purl.dsmz.de/bacdive/reference/66550>	
<https://purl.dsmz.de/bacdive/strain/159708>	<https://purl.dsmz.de/bacdive/nutrition_type/1520>	<https://purl.dsmz.de/bacdive/reference/66592>	
<https://purl.dsmz.de/bacdive/strain/159721>	<https://purl.dsmz.de/bacdive/nutrition_type/1521>	<https://purl.dsmz.de/bacdive/reference/66622>	
<https://purl.dsmz.de/bacdive/strain/158405>	<https://purl.dsmz.de/bacdive/nutrition_type/1522>	<https://purl.dsmz.de/bacdive/reference/66620>	
<https://purl.dsmz.de/bacdive/strain/158406>	<https://purl.dsmz.de/bacdive/nutrition_type/1523>	<https://purl.dsmz.de/bacdive/reference/66620>	
<https://purl.dsmz.de/bacdive/strain/159763>	<https://purl.dsmz.de/bacdive/nutrition_type/1524>	<https://purl.dsmz.de/bacdive/reference/66699>	
<https://purl.dsmz.de/bacdive/strain/158357>	<https://purl.dsmz.de/bacdive/nutrition_type/1525>	<https://purl.dsmz.de/bacdive/reference/66757>	
<https://purl.dsmz.de/bacdive/strain/159775>	<https://purl.dsmz.de/bacdive/nutrition_type/1526>	<https://purl.dsmz.de/bacdive/reference/66785>	
<https://purl.dsmz.de/bacdive/strain/135100>	<https://purl.dsmz.de/bacdive/nutrition_type/1527>	<https://purl.dsmz.de/bacdive/reference/66611>	
<https://purl.dsmz.de/bacdive/strain/159828>	<https://purl.dsmz.de/bacdive/nutrition_type/1528>	<https://purl.dsmz.de/bacdive/reference/66656>	
<https://purl.dsmz.de/bacdive/strain/159850>	<https://purl.dsmz.de/bacdive/nutrition_type/1529>	<https://purl.dsmz.de/bacdive/reference/66754>	
<https://purl.dsmz.de/bacdive/strain/159855>	<https://purl.dsmz.de/bacdive/nutrition_type/1530>	<https://purl.dsmz.de/bacdive/reference/66557>	
<https://purl.dsmz.de/bacdive/strain/132090>	<https://purl.dsmz.de/bacdive/nutrition_type/1531>	<https://purl.dsmz.de/bacdive/reference/66571>	
<https://purl.dsmz.de/bacdive/strain/158342>	<https://purl.dsmz.de/bacdive/nutrition_type/1532>	<https://purl.dsmz.de/bacdive/reference/66576>	
<https://purl.dsmz.de/bacdive/strain/158372>	<https://purl.dsmz.de/bacdive/nutrition_type/1533>	<https://purl.dsmz.de/bacdive/reference/66647>	
<https://purl.dsmz.de/bacdive/strain/158372>	<https://purl.dsmz.de/bacdive/nutrition_type/1534>	<https://purl.dsmz.de/bacdive/reference/66647>	
<https://purl.dsmz.de/bacdive/strain/158415>	<https://purl.dsmz.de/bacdive/nutrition_type/1535>	<https://purl.dsmz.de/bacdive/reference/66651>	
<https://purl.dsmz.de/bacdive/strain/159888>	<https://purl.dsmz.de/bacdive/nutrition_type/1536>	<https://purl.dsmz.de/bacdive/reference/66652>	
<https://purl.dsmz.de/bacdive/strain/164191>	<https://purl.dsmz.de/bacdive/nutrition_type/1537>	<https://purl.dsmz.de/bacdive/reference/67775>	
<https://purl.dsmz.de/bacdive/strain/166438>	<https://purl.dsmz.de/bacdive/nutrition_type/1538>	<https://purl.dsmz.de/bacdive/reference/67777>	
<https://purl.dsmz.de/bacdive/strain/166439>	<https://purl.dsmz.de/bacdive/nutrition_type/1539>	<https://purl.dsmz.de/bacdive/reference/67777>	
<https://purl.dsmz.de/bacdive/strain/166424>	<https://purl.dsmz.de/bacdive/nutrition_type/1540>	<https://purl.dsmz.de/bacdive/reference/67782>	
<https://purl.dsmz.de/bacdive/strain/158449>	<https://purl.dsmz.de/bacdive/nutrition_type/1541>	<https://purl.dsmz.de/bacdive/reference/67788>	
<https://purl.dsmz.de/bacdive/strain/158483>	<https://purl.dsmz.de/bacdive/nutrition_type/1542>	<https://purl.dsmz.de/bacdive/reference/67845>	
<https://purl.dsmz.de/bacdive/strain/24820>	<https://purl.dsmz.de/bacdive/nutrition_type/1543>	<https://purl.dsmz.de/bacdive/reference/67866>	
<https://purl.dsmz.de/bacdive/strain/6149>	<https://purl.dsmz.de/bacdive/nutrition_type/1544>	<https://purl.dsmz.de/bacdive/reference/67866>	
<https://purl.dsmz.de/bacdive/strain/166537>	<https://purl.dsmz.de/bacdive/nutrition_type/1545>	<https://purl.dsmz.de/bacdive/reference/67896>	
<https://purl.dsmz.de/bacdive/strain/166531>	<https://purl.dsmz.de/bacdive/nutrition_type/1546>	<https://purl.dsmz.de/bacdive/reference/67948>	
<https://purl.dsmz.de/bacdive/strain/166171>	<https://purl.dsmz.de/bacdive/nutrition_type/1547>	<https://purl.dsmz.de/bacdive/reference/67963>	
<https://purl.dsmz.de/bacdive/strain/166233>	<https://purl.dsmz.de/bacdive/nutrition_type/1548>	<https://purl.dsmz.de/bacdive/reference/67979>	
<https://purl.dsmz.de/bacdive/strain/166168>	<https://purl.dsmz.de/bacdive/nutrition_type/1549>	<https://purl.dsmz.de/bacdive/reference/67987>	
<https://purl.dsmz.de/bacdive/strain/159352>	<https://purl.dsmz.de/bacdive/nutrition_type/1550>	<https://purl.dsmz.de/bacdive/reference/68000>	
<https://purl.dsmz.de/bacdive/strain/159352>	<https://purl.dsmz.de/bacdive/nutrition_type/1551>	<https://purl.dsmz.de/bacdive/reference/68000>	
<https://purl.dsmz.de/bacdive/strain/166194>	<https://purl.dsmz.de/bacdive/nutrition_type/1552>	<https://purl.dsmz.de/bacdive/reference/68008>	
<https://purl.dsmz.de/bacdive/strain/157981>	<https://purl.dsmz.de/bacdive/nutrition_type/1553>	<https://purl.dsmz.de/bacdive/reference/68022>	
<https://purl.dsmz.de/bacdive/strain/166243>	<https://purl.dsmz.de/bacdive/nutrition_type/1554>	<https://purl.dsmz.de/bacdive/reference/68030>	
<https://purl.dsmz.de/bacdive/strain/166276>	<https://purl.dsmz.de/bacdive/nutrition_type/1555>	<https://purl.dsmz.de/bacdive/reference/68041>	
<https://purl.dsmz.de/bacdive/strain/164516>	<https://purl.dsmz.de/bacdive/nutrition_type/1556>	<https://purl.dsmz.de/bacdive/reference/68043>	
<https://purl.dsmz.de/bacdive/strain/164467>	<https://purl.dsmz.de/bacdive/nutrition_type/1557>	<https://purl.dsmz.de/bacdive/reference/68047>	
<https://purl.dsmz.de/bacdive/strain/163760>	<https://purl.dsmz.de/bacdive/nutrition_type/1558>	<https://purl.dsmz.de/bacdive/reference/68059>	
<https://purl.dsmz.de/bacdive/strain/166135>	<https://purl.dsmz.de/bacdive/nutrition_type/1559>	<https://purl.dsmz.de/bacdive/reference/68069>	
<https://purl.dsmz.de/bacdive/strain/166104>	<https://purl.dsmz.de/bacdive/nutrition_type/1560>	<https://purl.dsmz.de/bacdive/reference/67902>	
<https://purl.dsmz.de/bacdive/strain/166399>	<https://purl.dsmz.de/bacdive/nutrition_type/1561>	<https://purl.dsmz.de/bacdive/reference/68088>	
<https://purl.dsmz.de/bacdive/strain/166352>	<https://purl.dsmz.de/bacdive/nutrition_type/1562>	<https://purl.dsmz.de/bacdive/reference/68117>	
<https://purl.dsmz.de/bacdive/strain/159090>	<https://purl.dsmz.de/bacdive/nutrition_type/1563>	<https://purl.dsmz.de/bacdive/reference/68144>	
<https://purl.dsmz.de/bacdive/strain/166144>	<https://purl.dsmz.de/bacdive/nutrition_type/1564>	<https://purl.dsmz.de/bacdive/reference/68147>	
<https://purl.dsmz.de/bacdive/strain/166206>	<https://purl.dsmz.de/bacdive/nutrition_type/1565>	<https://purl.dsmz.de/bacdive/reference/68150>	
<https://purl.dsmz.de/bacdive/strain/159192>	<https://purl.dsmz.de/bacdive/nutrition_type/1566>	<https://purl.dsmz.de/bacdive/reference/68181>	
<https://purl.dsmz.de/bacdive/strain/166226>	<https://purl.dsmz.de/bacdive/nutrition_type/1567>	<https://purl.dsmz.de/bacdive/reference/68197>	
<https://purl.dsmz.de/bacdive/strain/159616>	<https://purl.dsmz.de/bacdive/nutrition_type/1568>	<https://purl.dsmz.de/bacdive/reference/68199>	
<https://purl.dsmz.de/bacdive/strain/166260>	<https://purl.dsmz.de/bacdive/nutrition_type/1569>	<https://purl.dsmz.de/bacdive/reference/68205>	
<https://purl.dsmz.de/bacdive/strain/159203>	<https://purl.dsmz.de/bacdive/nutrition_type/1570>	<https://purl.dsmz.de/bacdive/reference/68228>	
<https://purl.dsmz.de/bacdive/strain/159679>	<https://purl.dsmz.de/bacdive/nutrition_type/1571>	<https://purl.dsmz.de/bacdive/reference/68248>	
<https://purl.dsmz.de/bacdive/strain/164450>	<https://purl.dsmz.de/bacdive/nutrition_type/1572>	<https://purl.dsmz.de/bacdive/reference/68265>	
<https://purl.dsmz.de/bacdive/strain/159185>	<https://purl.dsmz.de/bacdive/nutrition_type/1573>	<https://purl.dsmz.de/bacdive/reference/68269>	
<https://purl.dsmz.de/bacdive/strain/166308>	<https://purl.dsmz.de/bacdive/nutrition_type/1574>	<https://purl.dsmz.de/bacdive/reference/68282>	
<https://purl.dsmz.de/bacdive/strain/166324>	<https://purl.dsmz.de/bacdive/nutrition_type/1575>	<https://purl.dsmz.de/bacdive/reference/68296>	
<https://purl.dsmz.de/bacdive/strain/166366>	<https://purl.dsmz.de/bacdive/nutrition_type/1576>	<https://purl.dsmz.de/bacdive/reference/68316>	
<https://purl.dsmz.de/bacdive/strain/160797>	<https://purl.dsmz.de/bacdive/nutrition_type/1577>	<https://purl.dsmz.de/bacdive/reference/68324>	
<https://purl.dsmz.de/bacdive/strain/166128>	<https://purl.dsmz.de/bacdive/nutrition_type/1578>	<https://purl.dsmz.de/bacdive/reference/68335>	
<https://purl.dsmz.de/bacdive/strain/166393>	<https://purl.dsmz.de/bacdive/nutrition_type/1579>	<https://purl.dsmz.de/bacdive/reference/68339>	
<https://purl.dsmz.de/bacdive/strain/166394>	<https://purl.dsmz.de/bacdive/nutrition_type/1580>	<https://purl.dsmz.de/bacdive/reference/68339>	
<https://purl.dsmz.de/bacdive/strain/166395>	<https://purl.dsmz.de/bacdive/nutrition_type/1581>	<https://purl.dsmz.de/bacdive/reference/68339>	
<https://purl.dsmz.de/bacdive/strain/166365>	<https://purl.dsmz.de/bacdive/nutrition_type/1582>	<https://purl.dsmz.de/bacdive/reference/68355>	
<https://purl.dsmz.de/bacdive/strain/166411>	<https://purl.dsmz.de/bacdive/nutrition_type/1583>	<https://purl.dsmz.de/bacdive/reference/68362>	
<https://purl.dsmz.de/bacdive/strain/166413>	<https://purl.dsmz.de/bacdive/nutrition_type/1584>	<https://purl.dsmz.de/bacdive/reference/68364>	
<https://purl.dsmz.de/bacdive/strain/164197>	<https://purl.dsmz.de/bacdive/nutrition_type/1585>	<https://purl.dsmz.de/bacdive/reference/69523>	
<https://purl.dsmz.de/bacdive/strain/167641>	<https://purl.dsmz.de/bacdive/nutrition_type/1586>	<https://purl.dsmz.de/bacdive/reference/69524>	
<https://purl.dsmz.de/bacdive/strain/170899>	<https://purl.dsmz.de/bacdive/nutrition_type/1587>	<https://purl.dsmz.de/bacdive/reference/69614>	
<https://purl.dsmz.de/bacdive/strain/170899>	<https://purl.dsmz.de/bacdive/nutrition_type/1588>	<https://purl.dsmz.de/bacdive/reference/69614>	
<https://purl.dsmz.de/bacdive/strain/160492>	<https://purl.dsmz.de/bacdive/nutrition_type/1589>	<https://purl.dsmz.de/bacdive/reference/69627>	
<https://purl.dsmz.de/bacdive/strain/159613>	<https://purl.dsmz.de/bacdive/nutrition_type/1590>	<https://purl.dsmz.de/bacdive/reference/69628>	
<https://purl.dsmz.de/bacdive/strain/164306>	<https://purl.dsmz.de/bacdive/nutrition_type/1591>	<https://purl.dsmz.de/bacdive/reference/69631>	
<https://purl.dsmz.de/bacdive/strain/164274>	<https://purl.dsmz.de/bacdive/nutrition_type/1592>	<https://purl.dsmz.de/bacdive/reference/69631>	
<https://purl.dsmz.de/bacdive/strain/159905>	<https://purl.dsmz.de/bacdive/nutrition_type/1593>	<https://purl.dsmz.de/bacdive/reference/69634>	
<https://purl.dsmz.de/bacdive/strain/166983>	<https://purl.dsmz.de/bacdive/nutrition_type/1594>	<https://purl.dsmz.de/bacdive/reference/69637>	
<https://purl.dsmz.de/bacdive/strain/160373>	<https://purl.dsmz.de/bacdive/nutrition_type/1595>	<https://purl.dsmz.de/bacdive/reference/69644>	
<https://purl.dsmz.de/bacdive/strain/160178>	<https://purl.dsmz.de/bacdive/nutrition_type/1596>	<https://purl.dsmz.de/bacdive/reference/69644>	
<https://purl.dsmz.de/bacdive/strain/164712>	<https://purl.dsmz.de/bacdive/nutrition_type/1597>	<https://purl.dsmz.de/bacdive/reference/69646>	
<https://purl.dsmz.de/bacdive/strain/167975>	<https://purl.dsmz.de/bacdive/nutrition_type/1598>	<https://purl.dsmz.de/bacdive/reference/69653>	
<https://purl.dsmz.de/bacdive/strain/170921>	<https://purl.dsmz.de/bacdive/nutrition_type/1599>	<https://purl.dsmz.de/bacdive/reference/69654>	
<https://purl.dsmz.de/bacdive/strain/159082>	<https://purl.dsmz.de/bacdive/nutrition_type/1600>	<https://purl.dsmz.de/bacdive/reference/69660>	
<https://purl.dsmz.de/bacdive/strain/167420>	<https://purl.dsmz.de/bacdive/nutrition_type/1601>	<https://purl.dsmz.de/bacdive/reference/69663>	
<https://purl.dsmz.de/bacdive/strain/170936>	<https://purl.dsmz.de/bacdive/nutrition_type/1602>	<https://purl.dsmz.de/bacdive/reference/69665>	
<https://purl.dsmz.de/bacdive/strain/169101>	<https://purl.dsmz.de/bacdive/nutrition_type/1603>	<https://purl.dsmz.de/bacdive/reference/69670>	
